heuristic,opponent,games,wins,turns,tera,win_rate,paradigm
abyssal,abyssal,10000,4998,176555,0,0.4998,Baseline
abyssal,max_power,10000,8967,176969,0,0.8967,Baseline
abyssal,one_step,10000,6799,171307,0,0.6799,Baseline
abyssal,random,10000,9848,222070,0,0.9848,Baseline
abyssal,safe_one_step,10000,6906,171832,0,0.6906,Baseline
abyssal,simple_heuristic,10000,4960,177487,0,0.496,Baseline
abyssal,v1,10000,6940,173590,0,0.694,Baseline
abyssal,v10,10000,5741,175784,0,0.5741,Baseline
abyssal,v11,10000,5242,175414,0,0.5242,Baseline
abyssal,v12,10000,4076,177610,0,0.4076,Baseline
abyssal,v13,10000,4381,191007,0,0.4381,Baseline
abyssal,v14,10000,4880,184203,0,0.488,Baseline
abyssal,v15,10000,5908,186601,0,0.5908,Baseline
abyssal,v16,10000,5893,190511,0,0.5893,Baseline
abyssal,v17,10000,5341,186974,0,0.5341,Baseline
abyssal,v18,1000,604,18476,0,0.604,Baseline
abyssal,v19,1000,607,18378,0,0.607,Baseline
abyssal,v2,10000,6929,172115,0,0.6929,Baseline
abyssal,v20,1000,513,18145,0,0.513,Baseline
abyssal,v21,10000,5286,180618,0,0.5286,Baseline
abyssal,v22,10000,7707,192930,0,0.7707,Baseline
abyssal,v3,10000,6907,172084,0,0.6907,Baseline
abyssal,v4,10000,6902,173761,0,0.6902,Baseline
abyssal,v5,10000,6799,172216,0,0.6799,Baseline
abyssal,v6,10000,6892,173066,0,0.6892,Baseline
abyssal,v7,10000,5820,176508,0,0.582,Baseline
abyssal,v8,10000,5743,176661,0,0.5743,Baseline
abyssal,v9,10000,5266,176635,0,0.5266,Baseline
max_power,abyssal,10000,1052,176993,0,0.1052,Baseline
max_power,max_power,10000,5020,224070,0,0.502,Baseline
max_power,one_step,10000,1966,185625,0,0.1966,Baseline
max_power,random,10000,9128,288181,0,0.9128,Baseline
max_power,safe_one_step,10000,1988,186864,0,0.1988,Baseline
max_power,simple_heuristic,10000,1049,178202,0,0.1049,Baseline
max_power,v1,10000,2002,188956,0,0.2002,Baseline
max_power,v10,10000,1239,177581,0,0.1239,Baseline
max_power,v11,10000,1140,175138,0,0.114,Baseline
max_power,v12,10000,930,170389,0,0.093,Baseline
max_power,v13,10000,864,175806,0,0.0864,Baseline
max_power,v14,10000,934,175320,0,0.0934,Baseline
max_power,v15,10000,1243,184295,0,0.1243,Baseline
max_power,v16,10000,1249,187267,0,0.1249,Baseline
max_power,v17,10000,1033,180540,0,0.1033,Baseline
max_power,v18,1000,115,18528,0,0.115,Baseline
max_power,v19,1000,127,18398,0,0.127,Baseline
max_power,v2,10000,1929,187717,0,0.1929,Baseline
max_power,v20,1000,97,17247,0,0.097,Baseline
max_power,v21,10000,1062,174746,0,0.1062,Baseline
max_power,v22,10000,3900,216283,0,0.39,Baseline
max_power,v3,10000,2004,188230,0,0.2004,Baseline
max_power,v4,10000,1874,186961,0,0.1874,Baseline
max_power,v5,10000,1932,185258,0,0.1932,Baseline
max_power,v6,10000,2047,189471,0,0.2047,Baseline
max_power,v7,10000,1369,180628,0,0.1369,Baseline
max_power,v8,10000,1274,178328,0,0.1274,Baseline
max_power,v9,10000,1184,175634,0,0.1184,Baseline
one_step,abyssal,10000,3146,170918,60,0.3146,Baseline
one_step,max_power,10000,8005,185634,62,0.8005,Baseline
one_step,one_step,10000,5033,170947,42,0.5033,Baseline
one_step,random,10000,9738,243086,179,0.9738,Baseline
one_step,safe_one_step,10000,4927,171364,47,0.4927,Baseline
one_step,simple_heuristic,10000,3108,171404,52,0.3108,Baseline
one_step,v1,10000,5019,173297,46,0.5019,Baseline
one_step,v10,10000,3702,170011,45,0.3702,Baseline
one_step,v11,10000,3493,171345,44,0.3493,Baseline
one_step,v12,10000,2351,168870,43,0.2351,Baseline
one_step,v13,10000,2647,176920,66,0.2647,Baseline
one_step,v14,10000,3311,176333,62,0.3311,Baseline
one_step,v15,10000,3949,179688,54,0.3949,Baseline
one_step,v16,10000,3983,181779,67,0.3983,Baseline
one_step,v17,10000,3599,179456,71,0.3599,Baseline
one_step,v18,1000,392,17827,5,0.392,Baseline
one_step,v19,1000,391,17683,3,0.391,Baseline
one_step,v2,10000,5019,173591,49,0.5019,Baseline
one_step,v20,1000,346,17557,6,0.346,Baseline
one_step,v21,10000,3550,172794,49,0.355,Baseline
one_step,v22,10000,6553,195457,64,0.6553,Baseline
one_step,v3,10000,5053,172792,45,0.5053,Baseline
one_step,v4,10000,4935,173749,60,0.4935,Baseline
one_step,v5,10000,4935,173174,48,0.4935,Baseline
one_step,v6,10000,4870,172956,42,0.487,Baseline
one_step,v7,10000,3925,171254,40,0.3925,Baseline
one_step,v8,10000,3790,170472,44,0.379,Baseline
one_step,v9,10000,3494,170828,47,0.3494,Baseline
random,abyssal,10000,146,220772,9989,0.0146,Baseline
random,max_power,10000,908,290732,9998,0.0908,Baseline
random,one_step,10000,248,243644,9991,0.0248,Baseline
random,random,10000,5006,564839,10000,0.5006,Baseline
random,safe_one_step,10000,239,243653,9996,0.0239,Baseline
random,simple_heuristic,10000,144,220042,9986,0.0144,Baseline
random,v1,10000,239,251529,10000,0.0239,Baseline
random,v10,10000,195,234710,10000,0.0195,Baseline
random,v11,10000,168,219343,9989,0.0168,Baseline
random,v12,10000,176,213322,9992,0.0176,Baseline
random,v13,10000,173,216871,9984,0.0173,Baseline
random,v14,10000,112,212434,9994,0.0112,Baseline
random,v15,10000,147,218699,9995,0.0147,Baseline
random,v16,10000,145,220151,9997,0.0145,Baseline
random,v17,10000,151,217936,9991,0.0151,Baseline
random,v18,1000,10,21428,1000,0.01,Baseline
random,v19,1000,16,21518,1000,0.016,Baseline
random,v2,10000,284,249583,9995,0.0284,Baseline
random,v20,1000,13,21074,1000,0.013,Baseline
random,v21,10000,142,216715,9993,0.0142,Baseline
random,v22,10000,311,281337,9998,0.0311,Baseline
random,v3,10000,260,250191,9997,0.026,Baseline
random,v4,10000,265,251941,9998,0.0265,Baseline
random,v5,10000,229,248134,9997,0.0229,Baseline
random,v6,10000,280,250349,9998,0.028,Baseline
random,v7,10000,213,235965,9995,0.0213,Baseline
random,v8,10000,233,235536,9991,0.0233,Baseline
random,v9,10000,185,219014,9996,0.0185,Baseline
safe_one_step,abyssal,10000,3120,170778,45,0.312,Baseline
safe_one_step,max_power,10000,7956,186038,67,0.7956,Baseline
safe_one_step,one_step,10000,5044,170688,43,0.5044,Baseline
safe_one_step,random,10000,9715,244861,199,0.9715,Baseline
safe_one_step,safe_one_step,10000,4957,170987,38,0.4957,Baseline
safe_one_step,simple_heuristic,10000,3083,171689,57,0.3083,Baseline
safe_one_step,v1,10000,4992,173268,42,0.4992,Baseline
safe_one_step,v10,10000,3740,170750,38,0.374,Baseline
safe_one_step,v11,10000,3479,170753,35,0.3479,Baseline
safe_one_step,v12,10000,2448,170032,57,0.2448,Baseline
safe_one_step,v13,10000,2688,177995,59,0.2688,Baseline
safe_one_step,v14,10000,3234,175924,60,0.3234,Baseline
safe_one_step,v15,10000,4015,180408,69,0.4015,Baseline
safe_one_step,v16,10000,4012,181732,68,0.4012,Baseline
safe_one_step,v17,10000,3606,179452,63,0.3606,Baseline
safe_one_step,v18,1000,380,17704,2,0.38,Baseline
safe_one_step,v19,1000,408,18029,3,0.408,Baseline
safe_one_step,v2,10000,4874,172264,40,0.4874,Baseline
safe_one_step,v20,1000,345,17314,9,0.345,Baseline
safe_one_step,v21,10000,3525,173546,58,0.3525,Baseline
safe_one_step,v22,10000,6582,195754,60,0.6582,Baseline
safe_one_step,v3,10000,4972,173985,58,0.4972,Baseline
safe_one_step,v4,10000,4928,172880,50,0.4928,Baseline
safe_one_step,v5,10000,4864,172952,56,0.4864,Baseline
safe_one_step,v6,10000,5002,173786,56,0.5002,Baseline
safe_one_step,v7,10000,3879,171691,45,0.3879,Baseline
safe_one_step,v8,10000,3731,169401,46,0.3731,Baseline
safe_one_step,v9,10000,3574,171375,49,0.3574,Baseline
simple_heuristic,abyssal,10000,5028,177128,0,0.5028,Baseline
simple_heuristic,max_power,10000,8922,177852,0,0.8922,Baseline
simple_heuristic,one_step,10000,6851,171812,0,0.6851,Baseline
simple_heuristic,random,10000,9860,218628,0,0.986,Baseline
simple_heuristic,safe_one_step,10000,6851,172552,0,0.6851,Baseline
simple_heuristic,simple_heuristic,10000,4929,177400,0,0.4929,Baseline
simple_heuristic,v1,10000,6871,174307,0,0.6871,Baseline
simple_heuristic,v10,10000,5705,175967,0,0.5705,Baseline
simple_heuristic,v11,10000,5162,175775,0,0.5162,Baseline
simple_heuristic,v12,10000,4063,177510,0,0.4063,Baseline
simple_heuristic,v13,10000,4358,189488,0,0.4358,Baseline
simple_heuristic,v14,10000,4879,183212,0,0.4879,Baseline
simple_heuristic,v15,10000,5970,186508,0,0.597,Baseline
simple_heuristic,v16,10000,5837,190279,0,0.5837,Baseline
simple_heuristic,v17,10000,5252,185886,0,0.5252,Baseline
simple_heuristic,v18,1000,591,18420,0,0.591,Baseline
simple_heuristic,v19,1000,583,18355,0,0.583,Baseline
simple_heuristic,v2,10000,6878,173353,0,0.6878,Baseline
simple_heuristic,v20,1000,466,18006,0,0.466,Baseline
simple_heuristic,v21,10000,5298,180189,0,0.5298,Baseline
simple_heuristic,v22,10000,7861,191609,0,0.7861,Baseline
simple_heuristic,v3,10000,6940,173443,0,0.694,Baseline
simple_heuristic,v4,10000,6915,173341,0,0.6915,Baseline
simple_heuristic,v5,10000,6884,173108,0,0.6884,Baseline
simple_heuristic,v6,10000,6837,173392,0,0.6837,Baseline
simple_heuristic,v7,10000,5792,176431,0,0.5792,Baseline
simple_heuristic,v8,10000,5725,176728,0,0.5725,Baseline
simple_heuristic,v9,10000,5366,175890,0,0.5366,Baseline
v1,abyssal,10000,3064,173288,0,0.3064,Heuristic
v1,max_power,10000,8021,187680,0,0.8021,Heuristic
v1,one_step,10000,4993,174151,0,0.4993,Heuristic
v1,random,10000,9753,253481,0,0.9753,Heuristic
v1,safe_one_step,10000,4883,172515,0,0.4883,Heuristic
v1,simple_heuristic,10000,3026,173275,0,0.3026,Heuristic
v1,v1,10000,5044,176343,0,0.5044,Heuristic
v1,v10,10000,3652,172191,0,0.3652,Heuristic
v1,v11,10000,3435,172828,0,0.3435,Heuristic
v1,v12,10000,2329,171217,0,0.2329,Heuristic
v1,v13,10000,2738,179529,0,0.2738,Heuristic
v1,v14,10000,3209,178099,0,0.3209,Heuristic
v1,v15,10000,3923,183715,0,0.3923,Heuristic
v1,v16,10000,3874,185072,0,0.3874,Heuristic
v1,v17,10000,3591,181120,0,0.3591,Heuristic
v1,v18,1000,365,17964,0,0.365,Heuristic
v1,v19,1000,378,17589,0,0.378,Heuristic
v1,v2,10000,4912,175169,0,0.4912,Heuristic
v1,v20,1000,288,17329,0,0.288,Heuristic
v1,v21,10000,3419,173943,0,0.3419,Heuristic
v1,v22,10000,6572,197276,0,0.6572,Heuristic
v1,v3,10000,4908,175479,0,0.4908,Heuristic
v1,v4,10000,4759,175596,0,0.4759,Heuristic
v1,v5,10000,4775,174795,0,0.4775,Heuristic
v1,v6,10000,4881,175273,0,0.4881,Heuristic
v1,v7,10000,3897,173117,0,0.3897,Heuristic
v1,v8,10000,3740,171919,0,0.374,Heuristic
v1,v9,10000,3514,173020,0,0.3514,Heuristic
v10,abyssal,10000,4186,174095,19,0.4186,Heuristic
v10,max_power,10000,8720,177321,10,0.872,Heuristic
v10,one_step,10000,6202,169746,11,0.6202,Heuristic
v10,random,10000,9770,235926,12,0.977,Heuristic
v10,safe_one_step,10000,6217,169476,12,0.6217,Heuristic
v10,simple_heuristic,10000,4270,176810,13,0.427,Heuristic
v10,v1,10000,6297,171217,11,0.6297,Heuristic
v10,v10,10000,4929,173234,15,0.4929,Heuristic
v10,v11,10000,4594,174731,16,0.4594,Heuristic
v10,v12,10000,3322,176079,22,0.3322,Heuristic
v10,v13,10000,3460,187705,20,0.346,Heuristic
v10,v14,10000,4361,182153,23,0.4361,Heuristic
v10,v15,10000,5282,184797,20,0.5282,Heuristic
v10,v16,10000,5171,187299,16,0.5171,Heuristic
v10,v17,10000,4795,184090,22,0.4795,Heuristic
v10,v18,1000,515,17993,3,0.515,Heuristic
v10,v19,1000,517,18215,1,0.517,Heuristic
v10,v2,10000,6260,172418,18,0.626,Heuristic
v10,v20,1000,433,18024,0,0.433,Heuristic
v10,v21,10000,4726,176937,21,0.4726,Heuristic
v10,v22,10000,7270,191972,14,0.727,Heuristic
v10,v3,10000,6269,172133,14,0.6269,Heuristic
v10,v4,10000,6111,171293,18,0.6111,Heuristic
v10,v5,10000,6146,171342,12,0.6146,Heuristic
v10,v6,10000,6196,172192,18,0.6196,Heuristic
v10,v7,10000,5068,174686,18,0.5068,Heuristic
v10,v8,10000,5055,173702,19,0.5055,Heuristic
v10,v9,10000,4669,174901,12,0.4669,Heuristic
v11,abyssal,10000,4750,174878,12,0.475,Heuristic
v11,max_power,10000,8760,175184,12,0.876,Heuristic
v11,one_step,10000,6566,170341,15,0.6566,Heuristic
v11,random,10000,9853,218809,10,0.9853,Heuristic
v11,safe_one_step,10000,6435,170938,15,0.6435,Heuristic
v11,simple_heuristic,10000,4732,176139,13,0.4732,Heuristic
v11,v1,10000,6522,172258,13,0.6522,Heuristic
v11,v10,10000,5420,173999,9,0.542,Heuristic
v11,v11,10000,5019,174838,7,0.5019,Heuristic
v11,v12,10000,3779,175907,14,0.3779,Heuristic
v11,v13,10000,4253,187783,25,0.4253,Heuristic
v11,v14,10000,4642,182342,21,0.4642,Heuristic
v11,v15,10000,5724,185458,14,0.5724,Heuristic
v11,v16,10000,5604,186953,14,0.5604,Heuristic
v11,v17,10000,5109,184890,18,0.5109,Heuristic
v11,v18,1000,562,18112,2,0.562,Heuristic
v11,v19,1000,562,18202,1,0.562,Heuristic
v11,v2,10000,6482,171894,14,0.6482,Heuristic
v11,v20,1000,506,18193,5,0.506,Heuristic
v11,v21,10000,5012,179086,21,0.5012,Heuristic
v11,v22,10000,7618,190605,17,0.7618,Heuristic
v11,v3,10000,6571,171762,20,0.6571,Heuristic
v11,v4,10000,6516,172935,19,0.6516,Heuristic
v11,v5,10000,6444,173488,19,0.6444,Heuristic
v11,v6,10000,6462,172363,10,0.6462,Heuristic
v11,v7,10000,5551,174898,8,0.5551,Heuristic
v11,v8,10000,5432,174850,9,0.5432,Heuristic
v11,v9,10000,5048,175448,10,0.5048,Heuristic
v12,abyssal,10000,5991,177867,9620,0.5991,Heuristic
v12,max_power,10000,9027,172125,9304,0.9027,Heuristic
v12,one_step,10000,7645,169524,9541,0.7645,Heuristic
v12,random,10000,9862,211908,9041,0.9862,Heuristic
v12,safe_one_step,10000,7648,169895,9543,0.7648,Heuristic
v12,simple_heuristic,10000,5975,177960,9549,0.5975,Heuristic
v12,v1,10000,7635,171623,9543,0.7635,Heuristic
v12,v10,10000,6744,175648,9616,0.6744,Heuristic
v12,v11,10000,6165,176538,9574,0.6165,Heuristic
v12,v12,10000,5011,180838,9618,0.5011,Heuristic
v12,v13,10000,5065,189557,9544,0.5065,Heuristic
v12,v14,10000,5601,182783,9661,0.5601,Heuristic
v12,v15,10000,6396,183966,9636,0.6396,Heuristic
v12,v16,10000,6330,187828,9637,0.633,Heuristic
v12,v17,10000,6037,186643,9647,0.6037,Heuristic
v12,v18,1000,661,18159,957,0.661,Heuristic
v12,v19,1000,645,18536,959,0.645,Heuristic
v12,v2,10000,7633,170402,9521,0.7633,Heuristic
v12,v20,1000,585,17838,962,0.585,Heuristic
v12,v21,10000,5912,179225,9662,0.5912,Heuristic
v12,v22,10000,8079,187008,9485,0.8079,Heuristic
v12,v3,10000,7553,171361,9567,0.7553,Heuristic
v12,v4,10000,7581,172117,9546,0.7581,Heuristic
v12,v5,10000,7487,171544,9545,0.7487,Heuristic
v12,v6,10000,7609,171299,9544,0.7609,Heuristic
v12,v7,10000,6848,175172,9617,0.6848,Heuristic
v12,v8,10000,6730,176086,9661,0.673,Heuristic
v12,v9,10000,6152,176292,9563,0.6152,Heuristic
v13,abyssal,10000,5534,191292,0,0.5534,Heuristic
v13,max_power,10000,9111,177766,0,0.9111,Heuristic
v13,one_step,10000,7287,179930,0,0.7287,Heuristic
v13,random,10000,9818,223295,0,0.9818,Heuristic
v13,safe_one_step,10000,7255,179305,0,0.7255,Heuristic
v13,simple_heuristic,10000,5610,191249,0,0.561,Heuristic
v13,v1,10000,7298,181539,0,0.7298,Heuristic
v13,v10,10000,6606,188590,0,0.6606,Heuristic
v13,v11,10000,5673,190418,0,0.5673,Heuristic
v13,v12,10000,4885,191003,0,0.4885,Heuristic
v13,v13,10000,4933,222792,0,0.4933,Heuristic
v13,v14,10000,5771,202813,0,0.5771,Heuristic
v13,v15,10000,6759,195247,9354,0.6759,Heuristic
v13,v16,10000,6681,199423,9384,0.6681,Heuristic
v13,v17,10000,6412,200078,9430,0.6412,Heuristic
v13,v18,1000,677,19300,937,0.677,Heuristic
v13,v19,1000,671,19536,942,0.671,Heuristic
v13,v2,10000,7314,179954,0,0.7314,Heuristic
v13,v20,1000,614,20000,938,0.614,Heuristic
v13,v21,10000,6246,195808,9419,0.6246,Heuristic
v13,v22,10000,7831,201383,9251,0.7831,Heuristic
v13,v3,10000,7316,178951,0,0.7316,Heuristic
v13,v4,10000,7287,179273,0,0.7287,Heuristic
v13,v5,10000,7223,179260,0,0.7223,Heuristic
v13,v6,10000,7304,178979,0,0.7304,Heuristic
v13,v7,10000,6649,188029,0,0.6649,Heuristic
v13,v8,10000,6542,188194,0,0.6542,Heuristic
v13,v9,10000,5787,187389,0,0.5787,Heuristic
v14,abyssal,10000,5136,183245,0,0.5136,Heuristic
v14,max_power,10000,9075,174870,0,0.9075,Heuristic
v14,one_step,10000,6755,175289,0,0.6755,Heuristic
v14,random,10000,9863,212225,2248,0.9863,Heuristic
v14,safe_one_step,10000,6739,176155,3345,0.6739,Heuristic
v14,simple_heuristic,10000,5066,183734,4149,0.5066,Heuristic
v14,v1,10000,6776,177318,3393,0.6776,Heuristic
v14,v10,10000,5676,182466,3922,0.5676,Heuristic
v14,v11,10000,5360,182615,4020,0.536,Heuristic
v14,v12,10000,4474,183827,4447,0.4474,Heuristic
v14,v13,10000,4160,203443,4825,0.416,Heuristic
v14,v14,10000,4969,195187,4399,0.4969,Heuristic
v14,v15,10000,6007,192877,4018,0.6007,Heuristic
v14,v16,10000,5934,195054,3997,0.5934,Heuristic
v14,v17,10000,5670,194464,4249,0.567,Heuristic
v14,v18,1000,598,18673,423,0.598,Heuristic
v14,v19,1000,582,18892,381,0.582,Heuristic
v14,v2,10000,6707,177154,3454,0.6707,Heuristic
v14,v20,1000,537,18810,420,0.537,Heuristic
v14,v21,10000,5474,188798,4216,0.5474,Heuristic
v14,v22,10000,7487,195473,3387,0.7487,Heuristic
v14,v3,10000,6741,176665,3356,0.6741,Heuristic
v14,v4,10000,6815,177504,3455,0.6815,Heuristic
v14,v5,10000,6567,177142,3422,0.6567,Heuristic
v14,v6,10000,6690,177566,3469,0.669,Heuristic
v14,v7,10000,5890,183087,3890,0.589,Heuristic
v14,v8,10000,5787,182090,3965,0.5787,Heuristic
v14,v9,10000,5401,182683,3947,0.5401,Heuristic
v15,abyssal,10000,4172,185544,4324,0.4172,Minimax
v15,max_power,10000,8754,184085,2628,0.8754,Minimax
v15,one_step,10000,6070,179885,3465,0.607,Minimax
v15,random,10000,9833,219004,2534,0.9833,Minimax
v15,safe_one_step,10000,5988,180309,3473,0.5988,Minimax
v15,simple_heuristic,10000,4123,186897,4467,0.4123,Minimax
v15,v1,10000,6057,183352,3448,0.6057,Minimax
v15,v10,10000,4846,185291,4158,0.4846,Minimax
v15,v11,10000,4388,184905,4291,0.4388,Minimax
v15,v12,10000,3604,184359,4654,0.3604,Minimax
v15,v13,10000,3282,195440,5090,0.3282,Minimax
v15,v14,10000,3943,191258,4661,0.3943,Minimax
v15,v15,10000,4992,194854,4312,0.4992,Minimax
v15,v16,10000,4928,198082,4339,0.4928,Minimax
v15,v17,10000,4534,195686,4563,0.4534,Minimax
v15,v18,1000,493,18994,422,0.493,Minimax
v15,v19,1000,524,18975,449,0.524,Minimax
v15,v2,10000,6010,182003,3544,0.601,Minimax
v15,v20,1000,397,18572,477,0.397,Minimax
v15,v21,10000,4365,188839,4506,0.4365,Minimax
v15,v22,10000,6967,198121,3672,0.6967,Minimax
v15,v3,10000,6017,181603,3468,0.6017,Minimax
v15,v4,10000,5889,183699,3586,0.5889,Minimax
v15,v5,10000,5878,182575,3547,0.5878,Minimax
v15,v6,10000,5984,182619,3463,0.5984,Minimax
v15,v7,10000,4855,184763,4180,0.4855,Minimax
v15,v8,10000,4815,184592,4189,0.4815,Minimax
v15,v9,10000,4404,184949,4268,0.4404,Minimax
v16,abyssal,10000,4186,189642,4501,0.4186,Minimax
v16,max_power,10000,8751,186236,2584,0.8751,Minimax
v16,one_step,10000,5996,181652,3436,0.5996,Minimax
v16,random,10000,9856,219526,2520,0.9856,Minimax
v16,safe_one_step,10000,6080,182360,3428,0.608,Minimax
v16,simple_heuristic,10000,4065,190352,4411,0.4065,Minimax
v16,v1,10000,6132,184497,3348,0.6132,Minimax
v16,v10,10000,4813,185674,4052,0.4813,Minimax
v16,v11,10000,4414,186985,4212,0.4414,Minimax
v16,v12,10000,3592,187153,4589,0.3592,Minimax
v16,v13,10000,3350,199309,5087,0.335,Minimax
v16,v14,10000,3956,194302,4458,0.3956,Minimax
v16,v15,10000,5114,198757,4295,0.5114,Minimax
v16,v16,10000,4997,200245,4378,0.4997,Minimax
v16,v17,10000,4568,198921,4534,0.4568,Minimax
v16,v18,1000,518,19171,400,0.518,Minimax
v16,v19,1000,526,19410,422,0.526,Minimax
v16,v2,10000,6062,184767,3439,0.6062,Minimax
v16,v20,1000,446,18927,462,0.446,Minimax
v16,v21,10000,4475,190995,4311,0.4475,Minimax
v16,v22,10000,7022,200234,3717,0.7022,Minimax
v16,v3,10000,6040,183895,3478,0.604,Minimax
v16,v4,10000,5920,183084,3494,0.592,Minimax
v16,v5,10000,6002,183753,3400,0.6002,Minimax
v16,v6,10000,6031,184327,3444,0.6031,Minimax
v16,v7,10000,4981,185121,3997,0.4981,Minimax
v16,v8,10000,4877,185885,4125,0.4877,Minimax
v16,v9,10000,4610,188142,4242,0.461,Minimax
v17,abyssal,10000,4679,185548,4208,0.4679,Minimax
v17,max_power,10000,8874,181237,2396,0.8874,Minimax
v17,one_step,10000,6374,178770,3312,0.6374,Minimax
v17,random,10000,9831,217724,2443,0.9831,Minimax
v17,safe_one_step,10000,6496,178804,3329,0.6496,Minimax
v17,simple_heuristic,10000,4675,186644,4310,0.4675,Minimax
v17,v1,10000,6436,181308,3257,0.6436,Minimax
v17,v10,10000,5207,184278,3926,0.5207,Minimax
v17,v11,10000,4821,185213,4128,0.4821,Minimax
v17,v12,10000,4094,185322,4404,0.4094,Minimax
v17,v13,10000,3510,199783,5015,0.351,Minimax
v17,v14,10000,4361,193961,4533,0.4361,Minimax
v17,v15,10000,5471,195520,4185,0.5471,Minimax
v17,v16,10000,5430,198798,4169,0.543,Minimax
v17,v17,10000,5012,197668,4428,0.5012,Minimax
v17,v18,1000,529,18837,430,0.529,Minimax
v17,v19,1000,544,19098,397,0.544,Minimax
v17,v2,10000,6483,181122,3354,0.6483,Minimax
v17,v20,1000,504,19003,403,0.504,Minimax
v17,v21,10000,4750,190393,4386,0.475,Minimax
v17,v22,10000,7127,198474,3605,0.7127,Minimax
v17,v3,10000,6485,181186,3370,0.6485,Minimax
v17,v4,10000,6353,180984,3401,0.6353,Minimax
v17,v5,10000,6329,180272,3396,0.6329,Minimax
v17,v6,10000,6463,181736,3280,0.6463,Minimax
v17,v7,10000,5378,184829,3938,0.5378,Minimax
v17,v8,10000,5288,183857,4075,0.5288,Minimax
v17,v9,10000,4954,184932,4147,0.4954,Minimax
v18,abyssal,1000,422,18082,455,0.422,MCTS
v18,max_power,1000,894,18548,266,0.894,MCTS
v18,one_step,1000,618,18113,365,0.618,MCTS
v18,random,1000,988,21683,243,0.988,MCTS
v18,safe_one_step,1000,608,18138,337,0.608,MCTS
v18,simple_heuristic,1000,420,18408,488,0.42,MCTS
v18,v1,1000,622,18051,399,0.622,MCTS
v18,v10,1000,493,18080,432,0.493,MCTS
v18,v11,1000,448,18307,439,0.448,MCTS
v18,v12,1000,340,18398,488,0.34,MCTS
v18,v13,1000,286,19481,497,0.286,MCTS
v18,v14,1000,400,18953,470,0.4,MCTS
v18,v15,1000,493,19188,431,0.493,MCTS
v18,v16,1000,521,19214,429,0.521,MCTS
v18,v17,1000,447,19126,475,0.447,MCTS
v18,v18,1000,523,18211,428,0.523,MCTS
v18,v19,1000,493,18122,441,0.493,MCTS
v18,v2,1000,629,18064,343,0.629,MCTS
v18,v20,1000,436,18145,444,0.436,MCTS
v18,v21,1000,441,18533,443,0.441,MCTS
v18,v22,1000,711,19492,337,0.711,MCTS
v18,v3,1000,626,18174,344,0.626,MCTS
v18,v4,1000,608,18037,370,0.608,MCTS
v18,v5,1000,613,17748,326,0.613,MCTS
v18,v6,1000,617,17975,356,0.617,MCTS
v18,v7,1000,507,18075,434,0.507,MCTS
v18,v8,1000,479,18186,430,0.479,MCTS
v18,v9,1000,443,18327,445,0.443,MCTS
v19,abyssal,1000,387,18619,464,0.387,MCTS
v19,max_power,1000,884,18533,278,0.884,MCTS
v19,one_step,1000,606,17643,340,0.606,MCTS
v19,random,1000,981,21636,201,0.981,MCTS
v19,safe_one_step,1000,600,17886,347,0.6,MCTS
v19,simple_heuristic,1000,401,18740,444,0.401,MCTS
v19,v1,1000,595,17811,345,0.595,MCTS
v19,v10,1000,508,18084,432,0.508,MCTS
v19,v11,1000,451,18514,401,0.451,MCTS
v19,v12,1000,331,18246,470,0.331,MCTS
v19,v13,1000,341,19729,467,0.341,MCTS
v19,v14,1000,417,18854,424,0.417,MCTS
v19,v15,1000,516,18988,414,0.516,MCTS
v19,v16,1000,493,19511,412,0.493,MCTS
v19,v17,1000,453,19260,430,0.453,MCTS
v19,v18,1000,514,18134,418,0.514,MCTS
v19,v19,1000,495,18196,420,0.495,MCTS
v19,v2,1000,600,17886,362,0.6,MCTS
v19,v20,1000,412,18287,457,0.412,MCTS
v19,v21,1000,465,18815,436,0.465,MCTS
v19,v22,1000,669,19882,364,0.669,MCTS
v19,v3,1000,601,17986,337,0.601,MCTS
v19,v4,1000,585,18012,367,0.585,MCTS
v19,v5,1000,595,17785,368,0.595,MCTS
v19,v6,1000,598,17963,331,0.598,MCTS
v19,v7,1000,495,18264,436,0.495,MCTS
v19,v8,1000,483,18159,416,0.483,MCTS
v19,v9,1000,444,18695,437,0.444,MCTS
v2,abyssal,10000,3124,172312,0,0.3124,Heuristic
v2,max_power,10000,7987,188365,0,0.7987,Heuristic
v2,one_step,10000,5054,173298,0,0.5054,Heuristic
v2,random,10000,9734,250898,0,0.9734,Heuristic
v2,safe_one_step,10000,5028,173785,0,0.5028,Heuristic
v2,simple_heuristic,10000,3138,173556,0,0.3138,Heuristic
v2,v1,10000,5033,177027,0,0.5033,Heuristic
v2,v10,10000,3742,171928,0,0.3742,Heuristic
v2,v11,10000,3471,172617,0,0.3471,Heuristic
v2,v12,10000,2405,170884,0,0.2405,Heuristic
v2,v13,10000,2725,179734,0,0.2725,Heuristic
v2,v14,10000,3256,177065,0,0.3256,Heuristic
v2,v15,10000,4023,183354,0,0.4023,Heuristic
v2,v16,10000,3984,185318,0,0.3984,Heuristic
v2,v17,10000,3555,180661,0,0.3555,Heuristic
v2,v18,1000,353,17764,0,0.353,Heuristic
v2,v19,1000,405,17953,0,0.405,Heuristic
v2,v2,10000,5013,175470,0,0.5013,Heuristic
v2,v20,1000,352,17672,0,0.352,Heuristic
v2,v21,10000,3481,174384,0,0.3481,Heuristic
v2,v22,10000,6619,197276,0,0.6619,Heuristic
v2,v3,10000,4958,174450,0,0.4958,Heuristic
v2,v4,10000,4910,175648,0,0.491,Heuristic
v2,v5,10000,4873,175629,0,0.4873,Heuristic
v2,v6,10000,4958,174725,0,0.4958,Heuristic
v2,v7,10000,3755,173090,0,0.3755,Heuristic
v2,v8,10000,3669,171905,0,0.3669,Heuristic
v2,v9,10000,3496,171748,0,0.3496,Heuristic
v20,abyssal,1000,490,18507,438,0.49,MCTS
v20,max_power,1000,915,17418,254,0.915,MCTS
v20,one_step,1000,651,17382,331,0.651,MCTS
v20,random,1000,991,21299,250,0.991,MCTS
v20,safe_one_step,1000,655,17632,346,0.655,MCTS
v20,simple_heuristic,1000,492,18204,431,0.492,MCTS
v20,v1,1000,680,17599,351,0.68,MCTS
v20,v10,1000,559,18009,414,0.559,MCTS
v20,v11,1000,530,18271,405,0.53,MCTS
v20,v12,1000,427,18156,436,0.427,MCTS
v20,v13,1000,391,19963,472,0.391,MCTS
v20,v14,1000,470,19223,424,0.47,MCTS
v20,v15,1000,591,18870,403,0.591,MCTS
v20,v16,1000,573,19185,410,0.573,MCTS
v20,v17,1000,558,19207,418,0.558,MCTS
v20,v18,1000,566,18153,422,0.566,MCTS
v20,v19,1000,566,18221,424,0.566,MCTS
v20,v2,1000,666,17486,333,0.666,MCTS
v20,v20,1000,499,18256,427,0.499,MCTS
v20,v21,1000,496,18481,431,0.496,MCTS
v20,v22,1000,730,19287,343,0.73,MCTS
v20,v3,1000,635,17395,344,0.635,MCTS
v20,v4,1000,655,17490,349,0.655,MCTS
v20,v5,1000,652,17460,359,0.652,MCTS
v20,v6,1000,657,17614,383,0.657,MCTS
v20,v7,1000,543,18250,402,0.543,MCTS
v20,v8,1000,539,18017,439,0.539,MCTS
v20,v9,1000,528,18119,427,0.528,MCTS
v21,abyssal,10000,4698,180658,4404,0.4698,IL Hybrid
v21,max_power,10000,8954,175358,2451,0.8954,IL Hybrid
v21,one_step,10000,6468,173317,3414,0.6468,IL Hybrid
v21,random,10000,9850,216881,2309,0.985,IL Hybrid
v21,safe_one_step,10000,6505,173360,3328,0.6505,IL Hybrid
v21,simple_heuristic,10000,4776,180634,4449,0.4776,IL Hybrid
v21,v1,10000,6488,175644,3433,0.6488,IL Hybrid
v21,v10,10000,5290,176867,4083,0.529,IL Hybrid
v21,v11,10000,4994,179407,4185,0.4994,IL Hybrid
v21,v12,10000,4128,179023,4581,0.4128,IL Hybrid
v21,v13,10000,3839,194649,4983,0.3839,IL Hybrid
v21,v14,10000,4543,188851,4525,0.4543,IL Hybrid
v21,v15,10000,5707,188314,4245,0.5707,IL Hybrid
v21,v16,10000,5603,190345,4124,0.5603,IL Hybrid
v21,v17,10000,5232,190593,4411,0.5232,IL Hybrid
v21,v18,1000,559,18573,432,0.559,IL Hybrid
v21,v19,1000,564,18821,439,0.564,IL Hybrid
v21,v2,10000,6451,175002,3459,0.6451,IL Hybrid
v21,v20,1000,482,18541,447,0.482,IL Hybrid
v21,v21,10000,4992,183066,4436,0.4992,IL Hybrid
v21,v22,10000,7174,193704,3483,0.7174,IL Hybrid
v21,v3,10000,6464,174278,3407,0.6464,IL Hybrid
v21,v4,10000,6298,175190,3441,0.6298,IL Hybrid
v21,v5,10000,6315,174570,3555,0.6315,IL Hybrid
v21,v6,10000,6401,174675,3394,0.6401,IL Hybrid
v21,v7,10000,5479,178261,4186,0.5479,IL Hybrid
v21,v8,10000,5268,178650,4083,0.5268,IL Hybrid
v21,v9,10000,5008,178433,4173,0.5008,IL Hybrid
v22,abyssal,10000,2290,191760,9878,0.229,IL Pure
v22,max_power,10000,6075,217255,9890,0.6075,IL Pure
v22,one_step,10000,3417,196202,9901,0.3417,IL Pure
v22,random,10000,9656,280392,9841,0.9656,IL Pure
v22,safe_one_step,10000,3241,194597,9914,0.3241,IL Pure
v22,simple_heuristic,10000,2173,192773,9891,0.2173,IL Pure
v22,v1,10000,3466,197853,9907,0.3466,IL Pure
v22,v10,10000,2739,191601,9906,0.2739,IL Pure
v22,v11,10000,2395,190903,9885,0.2395,IL Pure
v22,v12,10000,1980,188005,9897,0.198,IL Pure
v22,v13,10000,2203,200917,9916,0.2203,IL Pure
v22,v14,10000,2581,195871,9912,0.2581,IL Pure
v22,v15,10000,2993,198226,9911,0.2993,IL Pure
v22,v16,10000,3030,200498,9925,0.303,IL Pure
v22,v17,10000,2998,199257,9915,0.2998,IL Pure
v22,v18,1000,286,19714,986,0.286,IL Pure
v22,v19,1000,285,19514,984,0.285,IL Pure
v22,v2,10000,3501,197355,9913,0.3501,IL Pure
v22,v20,1000,269,19289,986,0.269,IL Pure
v22,v21,10000,2907,193644,9913,0.2907,IL Pure
v22,v22,10000,4958,226224,9951,0.4958,IL Pure
v22,v3,10000,3361,197734,9913,0.3361,IL Pure
v22,v4,10000,3455,196778,9908,0.3455,IL Pure
v22,v5,10000,3291,196301,9915,0.3291,IL Pure
v22,v6,10000,3383,196853,9910,0.3383,IL Pure
v22,v7,10000,2826,194542,9907,0.2826,IL Pure
v22,v8,10000,2646,191758,9884,0.2646,IL Pure
v22,v9,10000,2331,191584,9905,0.2331,IL Pure
v3,abyssal,10000,3105,172799,0,0.3105,Heuristic
v3,max_power,10000,7997,188061,0,0.7997,Heuristic
v3,one_step,10000,5059,173511,0,0.5059,Heuristic
v3,random,10000,9712,250476,0,0.9712,Heuristic
v3,safe_one_step,10000,4981,173475,0,0.4981,Heuristic
v3,simple_heuristic,10000,3151,174175,0,0.3151,Heuristic
v3,v1,10000,4985,175533,0,0.4985,Heuristic
v3,v10,10000,3765,172503,0,0.3765,Heuristic
v3,v11,10000,3423,171871,0,0.3423,Heuristic
v3,v12,10000,2440,170964,0,0.244,Heuristic
v3,v13,10000,2630,179315,0,0.263,Heuristic
v3,v14,10000,3242,177684,0,0.3242,Heuristic
v3,v15,10000,3950,183605,0,0.395,Heuristic
v3,v16,10000,3979,184187,0,0.3979,Heuristic
v3,v17,10000,3611,181435,0,0.3611,Heuristic
v3,v18,1000,397,17982,0,0.397,Heuristic
v3,v19,1000,403,17969,0,0.403,Heuristic
v3,v2,10000,5094,175152,0,0.5094,Heuristic
v3,v20,1000,354,17304,0,0.354,Heuristic
v3,v21,10000,3491,174802,0,0.3491,Heuristic
v3,v22,10000,6529,196776,0,0.6529,Heuristic
v3,v3,10000,5082,174975,0,0.5082,Heuristic
v3,v4,10000,4890,175630,0,0.489,Heuristic
v3,v5,10000,4847,173981,0,0.4847,Heuristic
v3,v6,10000,4876,175868,0,0.4876,Heuristic
v3,v7,10000,3860,173444,0,0.386,Heuristic
v3,v8,10000,3818,172587,0,0.3818,Heuristic
v3,v9,10000,3545,172317,0,0.3545,Heuristic
v4,abyssal,10000,3133,172796,0,0.3133,Heuristic
v4,max_power,10000,8087,186448,0,0.8087,Heuristic
v4,one_step,10000,5028,172602,0,0.5028,Heuristic
v4,random,10000,9729,251347,0,0.9729,Heuristic
v4,safe_one_step,10000,5133,173523,0,0.5133,Heuristic
v4,simple_heuristic,10000,3153,173896,0,0.3153,Heuristic
v4,v1,10000,5197,175240,0,0.5197,Heuristic
v4,v10,10000,3869,171437,0,0.3869,Heuristic
v4,v11,10000,3559,172789,0,0.3559,Heuristic
v4,v12,10000,2444,170983,0,0.2444,Heuristic
v4,v13,10000,2682,179188,0,0.2682,Heuristic
v4,v14,10000,3317,177894,0,0.3317,Heuristic
v4,v15,10000,4042,182763,0,0.4042,Heuristic
v4,v16,10000,4034,185190,0,0.4034,Heuristic
v4,v17,10000,3659,181690,0,0.3659,Heuristic
v4,v18,1000,383,17934,0,0.383,Heuristic
v4,v19,1000,394,18024,0,0.394,Heuristic
v4,v2,10000,5073,174617,0,0.5073,Heuristic
v4,v20,1000,326,17258,0,0.326,Heuristic
v4,v21,10000,3596,175436,0,0.3596,Heuristic
v4,v22,10000,6623,196516,0,0.6623,Heuristic
v4,v3,10000,5137,173932,0,0.5137,Heuristic
v4,v4,10000,5014,175928,0,0.5014,Heuristic
v4,v5,10000,4966,174575,0,0.4966,Heuristic
v4,v6,10000,5132,173986,0,0.5132,Heuristic
v4,v7,10000,3972,172911,0,0.3972,Heuristic
v4,v8,10000,3935,173189,0,0.3935,Heuristic
v4,v9,10000,3508,172713,0,0.3508,Heuristic
v5,abyssal,10000,3250,173270,0,0.325,Heuristic
v5,max_power,10000,8048,186750,0,0.8048,Heuristic
v5,one_step,10000,5121,172265,0,0.5121,Heuristic
v5,random,10000,9757,250222,0,0.9757,Heuristic
v5,safe_one_step,10000,5101,172439,0,0.5101,Heuristic
v5,simple_heuristic,10000,3113,172732,0,0.3113,Heuristic
v5,v1,10000,5178,174681,0,0.5178,Heuristic
v5,v10,10000,3947,172515,0,0.3947,Heuristic
v5,v11,10000,3508,171657,0,0.3508,Heuristic
v5,v12,10000,2478,170752,0,0.2478,Heuristic
v5,v13,10000,2750,180453,0,0.275,Heuristic
v5,v14,10000,3331,177837,0,0.3331,Heuristic
v5,v15,10000,4149,183310,0,0.4149,Heuristic
v5,v16,10000,4105,185372,0,0.4105,Heuristic
v5,v17,10000,3644,182338,0,0.3644,Heuristic
v5,v18,1000,414,17811,0,0.414,Heuristic
v5,v19,1000,408,17785,0,0.408,Heuristic
v5,v2,10000,5108,175105,0,0.5108,Heuristic
v5,v20,1000,327,17456,0,0.327,Heuristic
v5,v21,10000,3655,173894,0,0.3655,Heuristic
v5,v22,10000,6726,197786,0,0.6726,Heuristic
v5,v3,10000,5110,174314,0,0.511,Heuristic
v5,v4,10000,5069,174586,0,0.5069,Heuristic
v5,v5,10000,5011,173243,0,0.5011,Heuristic
v5,v6,10000,5207,175600,0,0.5207,Heuristic
v5,v7,10000,4010,174163,0,0.401,Heuristic
v5,v8,10000,3874,172281,0,0.3874,Heuristic
v5,v9,10000,3636,172305,0,0.3636,Heuristic
v6,abyssal,10000,3202,172968,0,0.3202,Heuristic
v6,max_power,10000,8055,188666,0,0.8055,Heuristic
v6,one_step,10000,5078,173058,0,0.5078,Heuristic
v6,random,10000,9737,252638,0,0.9737,Heuristic
v6,safe_one_step,10000,5010,173199,0,0.501,Heuristic
v6,simple_heuristic,10000,3199,172579,0,0.3199,Heuristic
v6,v1,10000,5153,176117,0,0.5153,Heuristic
v6,v10,10000,3791,172345,0,0.3791,Heuristic
v6,v11,10000,3515,172701,0,0.3515,Heuristic
v6,v12,10000,2389,170536,0,0.2389,Heuristic
v6,v13,10000,2724,181780,0,0.2724,Heuristic
v6,v14,10000,3323,176813,0,0.3323,Heuristic
v6,v15,10000,4022,182724,0,0.4022,Heuristic
v6,v16,10000,4035,184465,0,0.4035,Heuristic
v6,v17,10000,3622,181508,0,0.3622,Heuristic
v6,v18,1000,372,17883,0,0.372,Heuristic
v6,v19,1000,397,17582,0,0.397,Heuristic
v6,v2,10000,5064,174979,0,0.5064,Heuristic
v6,v20,1000,346,17453,0,0.346,Heuristic
v6,v21,10000,3555,175296,0,0.3555,Heuristic
v6,v22,10000,6657,197417,0,0.6657,Heuristic
v6,v3,10000,5053,175711,0,0.5053,Heuristic
v6,v4,10000,4950,174391,0,0.495,Heuristic
v6,v5,10000,4906,175101,0,0.4906,Heuristic
v6,v6,10000,4984,175651,0,0.4984,Heuristic
v6,v7,10000,3932,172320,0,0.3932,Heuristic
v6,v8,10000,3878,172083,0,0.3878,Heuristic
v6,v9,10000,3613,172367,0,0.3613,Heuristic
v7,abyssal,10000,4080,175726,0,0.408,Heuristic
v7,max_power,10000,8569,179740,0,0.8569,Heuristic
v7,one_step,10000,6091,171593,0,0.6091,Heuristic
v7,random,10000,9761,236367,0,0.9761,Heuristic
v7,safe_one_step,10000,6051,171034,0,0.6051,Heuristic
v7,simple_heuristic,10000,4067,176483,0,0.4067,Heuristic
v7,v1,10000,6109,173004,0,0.6109,Heuristic
v7,v10,10000,4836,173194,0,0.4836,Heuristic
v7,v11,10000,4609,175869,0,0.4609,Heuristic
v7,v12,10000,3197,176046,0,0.3197,Heuristic
v7,v13,10000,3376,188476,0,0.3376,Heuristic
v7,v14,10000,4201,182207,0,0.4201,Heuristic
v7,v15,10000,5107,185613,0,0.5107,Heuristic
v7,v16,10000,5037,186226,0,0.5037,Heuristic
v7,v17,10000,4578,183799,0,0.4578,Heuristic
v7,v18,1000,501,17853,0,0.501,Heuristic
v7,v19,1000,480,18218,0,0.48,Heuristic
v7,v2,10000,6147,173336,0,0.6147,Heuristic
v7,v20,1000,427,18217,0,0.427,Heuristic
v7,v21,10000,4483,179168,0,0.4483,Heuristic
v7,v22,10000,7049,193751,0,0.7049,Heuristic
v7,v3,10000,6046,172466,0,0.6046,Heuristic
v7,v4,10000,5972,172813,0,0.5972,Heuristic
v7,v5,10000,5901,172631,0,0.5901,Heuristic
v7,v6,10000,6131,173008,0,0.6131,Heuristic
v7,v7,10000,5024,174810,0,0.5024,Heuristic
v7,v8,10000,4884,174377,0,0.4884,Heuristic
v7,v9,10000,4529,175701,0,0.4529,Heuristic
v8,abyssal,10000,4230,177605,19,0.423,Heuristic
v8,max_power,10000,8701,177457,12,0.8701,Heuristic
v8,one_step,10000,6144,170398,17,0.6144,Heuristic
v8,random,10000,9767,234691,8,0.9767,Heuristic
v8,safe_one_step,10000,6209,169848,15,0.6209,Heuristic
v8,simple_heuristic,10000,4280,175531,15,0.428,Heuristic
v8,v1,10000,6182,172743,13,0.6182,Heuristic
v8,v10,10000,5081,173978,12,0.5081,Heuristic
v8,v11,10000,4599,175536,15,0.4599,Heuristic
v8,v12,10000,3286,176040,15,0.3286,Heuristic
v8,v13,10000,3420,187237,28,0.342,Heuristic
v8,v14,10000,4331,181949,19,0.4331,Heuristic
v8,v15,10000,5136,184558,18,0.5136,Heuristic
v8,v16,10000,5194,186399,14,0.5194,Heuristic
v8,v17,10000,4754,184199,17,0.4754,Heuristic
v8,v18,1000,502,17995,0,0.502,Heuristic
v8,v19,1000,525,18160,0,0.525,Heuristic
v8,v2,10000,6214,171801,19,0.6214,Heuristic
v8,v20,1000,444,18053,4,0.444,Heuristic
v8,v21,10000,4661,178427,25,0.4661,Heuristic
v8,v22,10000,7123,193042,18,0.7123,Heuristic
v8,v3,10000,6159,173142,19,0.6159,Heuristic
v8,v4,10000,6097,171638,19,0.6097,Heuristic
v8,v5,10000,6139,171140,10,0.6139,Heuristic
v8,v6,10000,6223,171589,18,0.6223,Heuristic
v8,v7,10000,5161,173550,12,0.5161,Heuristic
v8,v8,10000,4992,174416,8,0.4992,Heuristic
v8,v9,10000,4680,175270,15,0.468,Heuristic
v9,abyssal,10000,4664,175597,9,0.4664,Heuristic
v9,max_power,10000,8794,176158,7,0.8794,Heuristic
v9,one_step,10000,6549,171207,6,0.6549,Heuristic
v9,random,10000,9843,219760,14,0.9843,Heuristic
v9,safe_one_step,10000,6548,170416,8,0.6548,Heuristic
v9,simple_heuristic,10000,4701,176554,15,0.4701,Heuristic
v9,v1,10000,6511,172973,12,0.6511,Heuristic
v9,v10,10000,5379,174826,12,0.5379,Heuristic
v9,v11,10000,4940,174837,15,0.494,Heuristic
v9,v12,10000,3769,176315,11,0.3769,Heuristic
v9,v13,10000,4187,187418,22,0.4187,Heuristic
v9,v14,10000,4574,182163,15,0.4574,Heuristic
v9,v15,10000,5539,185152,21,0.5539,Heuristic
v9,v16,10000,5599,187842,13,0.5599,Heuristic
v9,v17,10000,5084,185241,12,0.5084,Heuristic
v9,v18,1000,564,18146,2,0.564,Heuristic
v9,v19,1000,560,18637,2,0.56,Heuristic
v9,v2,10000,6469,173021,13,0.6469,Heuristic
v9,v20,1000,469,18117,0,0.469,Heuristic
v9,v21,10000,4995,178712,14,0.4995,Heuristic
v9,v22,10000,7565,191353,27,0.7565,Heuristic
v9,v3,10000,6427,172786,11,0.6427,Heuristic
v9,v4,10000,6369,173230,14,0.6369,Heuristic
v9,v5,10000,6449,172080,12,0.6449,Heuristic
v9,v6,10000,6470,172050,12,0.647,Heuristic
v9,v7,10000,5511,175418,20,0.5511,Heuristic
v9,v8,10000,5358,174654,14,0.5358,Heuristic
v9,v9,10000,5032,175128,21,0.5032,Heuristic
